Kingdom,Biomass,Uncertainty
animals,1.7874260368324013,3.2799267136628703
archaea,0.331733523950604,3.0
bacteria,1.5214115988234624,3.0
fungi,0.27494706247573414,10.0
plants,0.502106440439548,2.372299910172848
protists,2.075928648414947,3.2218619437321054
viruses,0.03428589445357744,2.563049969664763
