Kingdom,Biomass,Uncertainty
animals,1.7874260368324013,3.3100225950400386
archaea,0.331733523950604,2.715114314174471
bacteria,1.3269340958024203,1.8115613262523897
fungi,0.26106356306014045,10.0
plants,0.502106440439548,2.3626821995629657
protists,2.075928648414947,2.750355883791314
viruses,0.03428589445357744,2.4619611176402394
