Kingdom,Biomass,Uncertainty
animals,1.7874260368324013,3.3044567310728783
archaea,0.331733523950604,3.0
bacteria,1.5214115988234624,3.0
fungi,0.27494706247573414,10.0
plants,0.502106440439548,2.3696659677950898
protists,2.075928648414947,2.760012782365213
viruses,0.03428589445357744,2.580996337870305
